varLoad_DBName,varExport_DBName,varSchemaName,varExport_PrivateLogName,varExport_MaxSessions,varExport_MinSessions,varExport_TdpID,varExport_UserName,varExport_UserPassword,varExport_SelectStmt,varExport_Dateform,varLoad_PrivateLogName,varLoad_MaxSessions,varLoad_MinSessions,varLoad_TargetTable_suffix,varLoad_TdpID,varLoad_UserName,varLoad_UserPassword,varLoad_ErrorTable1_suffix,varLoad_ErrorTable2_suffix,varLoad_LogTable_suffix,varViewFileName
Supply_Chain_Core,rslr_ops,name1,exportoper_privatelog,5,2,REDWOOD,c4994013,Jan@2019,lock row for access SELECT,SampleExportDateform,loadoper_privatelog,5,2,_UAT,EDWUAT,supply_chain_user,new_supply_chain_pwd##,_SchemaName_f1,_SchemaName_f2,_SchemaName_LT,myfilename1
Supply_Chain_Core,rslr_ops,randomname,exportoper_privatelog,5,2,REDWOOD,c4994013,Jan@2019,lock row for access SELECT,SampleExportDateform,loadoper_privatelog,5,2,_UAT,EDWUAT,supply_chain_user,new_supply_chain_pwd##,_SchemaName_f1,_SchemaName_f2,_SchemaName_LT,myfilename2
Supply_Chain_Core,rslr_ops,hhkhfkhf,exportoper_privatelog,5,2,REDWOOD,c4994013,Jan@2019,lock row for access SELECT,SampleExportDateform,loadoper_privatelog,5,2,_UAT,EDWUAT,supply_chain_user,new_supply_chain_pwd##,_SchemaName_f1,_SchemaName_f2,_SchemaName_LT,myfilename3
Supply_Chain_Core,rslr_ops,fhhfakshfkjahsf,exportoper_privatelog,5,2,REDWOOD,c4994013,Jan@2019,lock row for access SELECT,SampleExportDateform,loadoper_privatelog,5,2,_UAT,EDWUAT,supply_chain_user,new_supply_chain_pwd##,_SchemaName_f1,_SchemaName_f2,_SchemaName_LT,myfilename4
Supply_Chain_Core,rslr_ops,dsfdsjfdlfk,exportoper_privatelog,5,2,REDWOOD,c4994013,Jan@2019,lock row for access SELECT,SampleExportDateform,loadoper_privatelog,5,2,_UAT,EDWUAT,supply_chain_user,new_supply_chain_pwd##,_SchemaName_f1,_SchemaName_f2,_SchemaName_LT,myfilename5
